-- phpMyAdmin SQL Dump
-- version 5.2.1
-- https://www.phpmyadmin.net/
--
-- Servidor: 127.0.0.1
-- Tiempo de generaci칩n: 08-05-2025 a las 23:16:46
-- Versi칩n del servidor: 10.4.32-MariaDB
-- Versi칩n de PHP: 8.2.12

SET SQL_MODE = "NO_AUTO_VALUE_ON_ZERO";
START TRANSACTION;
SET time_zone = "+00:00";


/*!40101 SET @OLD_CHARACTER_SET_CLIENT=@@CHARACTER_SET_CLIENT */;
/*!40101 SET @OLD_CHARACTER_SET_RESULTS=@@CHARACTER_SET_RESULTS */;
/*!40101 SET @OLD_COLLATION_CONNECTION=@@COLLATION_CONNECTION */;
/*!40101 SET NAMES utf8mb4 */;

--
-- Base de datos: `sistema_gimnasio`
--

-- --------------------------------------------------------

--
-- Estructura de tabla para la tabla `ajustes`
--

CREATE TABLE `ajustes` (
  `nombre` varchar(255) DEFAULT NULL,
  `logo` varchar(255) DEFAULT NULL,
  `direccion` varchar(255) DEFAULT NULL,
  `telefono` varchar(15) DEFAULT NULL
) ENGINE=InnoDB DEFAULT CHARSET=utf8mb4 COLLATE=utf8mb4_general_ci;

--
-- Volcado de datos para la tabla `ajustes`
--

INSERT INTO `ajustes` (`nombre`, `logo`, `direccion`, `telefono`) VALUES
('Gym Club', './imagenes/680fe750ddc8b.png', 'General Arteaga 279', '3531018899');

-- --------------------------------------------------------

--
-- Estructura de tabla para la tabla `gastos`
--

CREATE TABLE `gastos` (
  `id` int(11) NOT NULL,
  `descripcion` varchar(255) NOT NULL,
  `monto` decimal(10,2) NOT NULL,
  `fecha` datetime DEFAULT current_timestamp()
) ENGINE=InnoDB DEFAULT CHARSET=utf8mb4 COLLATE=utf8mb4_general_ci;

-- --------------------------------------------------------

--
-- Estructura de tabla para la tabla `membresias`
--

CREATE TABLE `membresias` (
  `id` bigint(20) UNSIGNED NOT NULL,
  `nombre` varchar(255) NOT NULL,
  `duracion` int(6) NOT NULL,
  `precio` decimal(6,2) NOT NULL
) ENGINE=InnoDB DEFAULT CHARSET=utf8mb4 COLLATE=utf8mb4_general_ci;

--
-- Volcado de datos para la tabla `membresias`
--

INSERT INTO `membresias` (`id`, `nombre`, `duracion`, `precio`) VALUES
(1, 'Oro', 30, 300.00),
(2, 'Bronce', 10, 120.00),
(3, 'Plata', 20, 250.00),
(4, 'Premium', 366, 3000.00),
(5, 'Regular', 1, 50.00),
(6, 'Escolar ', 30, 185.00);

-- --------------------------------------------------------

--
-- Estructura de tabla para la tabla `miembros`
--

CREATE TABLE `miembros` (
  `id` bigint(20) UNSIGNED NOT NULL,
  `matricula` varchar(50) NOT NULL,
  `nombre` varchar(255) NOT NULL,
  `telefono` varchar(20) NOT NULL,
  `direccion` varchar(255) NOT NULL,
  `edad` tinyint(4) NOT NULL,
  `sufreEnfermedad` tinyint(1) DEFAULT NULL,
  `tieneSeguro` tinyint(1) DEFAULT NULL,
  `enfermedad` varchar(255) DEFAULT NULL,
  `institucion` varchar(255) DEFAULT NULL,
  `nombreContacto` varchar(255) NOT NULL,
  `telefonoContacto` varchar(255) NOT NULL,
  `imagen` varchar(255) DEFAULT NULL,
  `estado` enum('ACTIVO','VENCIDO') DEFAULT NULL,
  `fechaRegistro` datetime NOT NULL,
  `fechaInicio` datetime DEFAULT NULL,
  `fechaFin` datetime DEFAULT NULL,
  `idMembresia` bigint(20) DEFAULT NULL,
  `afiliacion` varchar(250) NOT NULL
) ENGINE=InnoDB DEFAULT CHARSET=utf8mb4 COLLATE=utf8mb4_general_ci;

--
-- Volcado de datos para la tabla `miembros`
--

INSERT INTO `miembros` (`id`, `matricula`, `nombre`, `telefono`, `direccion`, `edad`, `sufreEnfermedad`, `tieneSeguro`, `enfermedad`, `institucion`, `nombreContacto`, `telefonoContacto`, `imagen`, `estado`, `fechaRegistro`, `fechaInicio`, `fechaFin`, `idMembresia`, `afiliacion`) VALUES
(1, '2025-1', 'Said Alfredo Pe침a ', '3531015780', 'Diego Jose Abad 85 D-7', 30, 0, 1, '', 'IMSS', 'Ma de Lourdes Nava', '3531015780', './imagenes/681cfa0c168ab.png', 'ACTIVO', '2025-04-11 18:25:23', '2025-04-11 19:40:00', '2025-05-12 19:40:00', 1, 'PENS19574IALA7'),
(2, '2025-2', 'Juan Dominguez Urrutia', '4511237888', 'Blvd. Benito Juarez 78', 30, 1, 1, 'Diabetes ', 'ISSTE', 'Juana Dominguez Urrutia', '4511231122', './imagenes/6807c9ad44e56.png', 'ACTIVO', '2025-04-22 18:54:05', '2025-04-22 18:55:30', '2025-05-23 18:55:30', 1, ''),
(3, '2025-3', 'Diana Almada ', '3531018888', 'Villa Bonita 278', 23, 0, 1, '', 'IMSS', 'Valeria Dominguez', '101445580', './imagenes/681cfa5d3d544.png', 'VENCIDO', '2025-04-22 20:50:22', '2025-04-22 20:53:03', '2025-05-07 20:53:03', 2, ''),
(4, '2025-4', 'Aurora Antonia Zendejas', '1501028785', 'Mario Moreno 250', 45, 1, 1, 'Asma', 'IMSS', 'Pablo Enrique Escobedo', '314789852', './imagenes/681cfa71f12fb.png', 'ACTIVO', '2025-04-23 00:16:19', '2025-04-23 20:15:18', '2026-04-24 20:15:18', 4, ''),
(5, '2025-5', 'Angel Gutierres Orozco', '1451223585', 'Morelos # 75', 30, 0, 0, '', '', 'Ana Maria Gutierrez ', '1454585570', './imagenes/680930516cac6.png', 'ACTIVO', '2025-04-23 20:24:17', '2025-04-23 20:25:07', '2026-04-24 20:25:07', 4, ''),
(6, '2025-6', 'Alondra Ordaz Zapien', '4361045858', 'General Reyna 580', 28, 0, 1, '', 'IMSS', 'Alondra Guadalupe Zapien', '4361234545', './imagenes/680932e382cfa.png', 'ACTIVO', '2025-04-23 20:35:15', '2025-04-23 20:35:52', '2026-04-24 20:35:52', 4, ''),
(10, '2025-10', 'Monica Dominguez ', '432423423', 'Yandel 65', 23, 0, 0, '', '', 'asdasdasdsa', '12321312', './imagenes/usuario.png', 'ACTIVO', '2025-04-24 21:01:03', '2025-04-28 13:09:12', '2025-05-18 13:09:12', 3, ''),
(11, '2025-11', 'Juan Santiago Urrutia', '4514567898', 'Zapopan Centro', 35, 0, 1, '', 'IMSS', 'Ana Aldama Urrutia', '123458785', './imagenes/usuario.png', 'ACTIVO', '2025-04-28 13:21:12', '2025-04-28 13:36:23', '2025-05-28 13:36:23', 1, ''),
(13, '2025-12', 'Juan Dominguez Sanchez', '1234558987', 'Rio Verde #85', 21, 0, 1, '', 'IMSS', 'Juana Ambriz Rivas', '12348568741', './imagenes/681cfa1d8e55f.png', 'ACTIVO', '2025-05-06 13:20:45', '2025-05-06 13:21:47', '2025-06-05 13:21:47', 6, '');

-- --------------------------------------------------------

--
-- Estructura de tabla para la tabla `pagos`
--

CREATE TABLE `pagos` (
  `id` bigint(20) UNSIGNED NOT NULL,
  `matricula` varchar(50) NOT NULL,
  `idMembresia` bigint(20) NOT NULL,
  `idUsuario` bigint(20) NOT NULL,
  `fecha` datetime NOT NULL,
  `monto` decimal(10,2) NOT NULL
) ENGINE=InnoDB DEFAULT CHARSET=utf8mb4 COLLATE=utf8mb4_general_ci;

--
-- Volcado de datos para la tabla `pagos`
--

INSERT INTO `pagos` (`id`, `matricula`, `idMembresia`, `idUsuario`, `fecha`, `monto`) VALUES
(1, '0', 0, 1, '2025-04-11 18:24:07', 0.00),
(2, '2025-1', 1, 1, '2025-04-11 00:00:00', 750.00),
(3, '0', 0, 1, '2025-04-11 19:40:13', 0.00),
(4, '0', 0, 1, '2025-04-11 19:43:17', 50.00),
(5, '2025-2', 1, 1, '2025-04-22 00:00:00', 750.00),
(6, '0', 0, 1, '2025-04-22 20:52:12', 0.00),
(7, '2025-3', 2, 1, '2025-04-22 00:00:00', 250.00),
(8, '0', 0, 1, '2025-04-23 00:17:35', 25.00),
(9, '2025-4', 4, 1, '2025-04-23 00:00:00', 999.99),
(10, '2025-5', 4, 1, '2025-04-23 00:00:00', 999.99),
(11, '2025-6', 4, 1, '2025-04-23 00:00:00', 3000.00),
(12, '2025-7', 5, 1, '2025-04-23 00:00:00', 50.00),
(13, '2025-8', 5, 1, '2025-04-24 00:00:00', 50.00),
(14, '0', 0, 1, '2025-04-24 21:15:57', 50.00),
(15, '0', 0, 1, '2025-04-24 21:16:30', 50.00),
(16, '0', 0, 1, '2025-04-24 21:52:48', 0.00),
(17, '0', 0, 1, '2025-04-24 21:53:08', 150.00),
(18, '2025-7', 4, 1, '2025-04-25 00:00:00', 3000.00),
(19, '2025-10', 5, 1, '2025-04-25 00:00:00', 50.00),
(20, '2025-10', 5, 1, '2025-04-25 00:00:00', 50.00),
(21, '2025-8', 5, 1, '2025-04-26 00:00:00', 50.00),
(22, '0', 0, 1, '2025-04-28 20:33:45', 50.00),
(23, '0', 0, 1, '2025-04-28 12:46:53', 50.00),
(24, '2025-8', 0, 1, '2025-04-28 00:00:00', 0.00),
(25, '2025-8', 4, 1, '2025-04-28 00:00:00', 3000.00),
(26, '2025-10', 3, 1, '2025-04-28 00:00:00', 250.00),
(27, '2025-11', 1, 1, '2025-04-28 00:00:00', 300.00),
(28, '2025-12', 3, 1, '2025-05-01 00:00:00', 250.00),
(29, '0', 0, 1, '2025-04-29 08:58:45', 50.00),
(30, '2025-12', 6, 1, '2025-05-03 00:00:00', 185.00),
(31, '0', 0, 1, '2025-05-07 11:48:31', 50.00),
(32, '0', 0, 6, '2025-05-07 13:38:51', 50.00),
(33, '0', 0, 1, '2025-05-08 12:25:08', 50.00);

-- --------------------------------------------------------

--
-- Estructura de tabla para la tabla `permisos`
--

CREATE TABLE `permisos` (
  `id` int(11) NOT NULL,
  `nombre` varchar(100) NOT NULL
) ENGINE=InnoDB DEFAULT CHARSET=utf8mb4 COLLATE=utf8mb4_general_ci;

-- --------------------------------------------------------

--
-- Estructura de tabla para la tabla `productos`
--

CREATE TABLE `productos` (
  `id` int(11) NOT NULL,
  `nombre` varchar(100) DEFAULT NULL,
  `descripcion` text DEFAULT NULL,
  `precio` decimal(10,2) DEFAULT NULL,
  `stock` int(11) DEFAULT NULL,
  `categoria` varchar(50) DEFAULT NULL,
  `imagen` varchar(255) DEFAULT NULL,
  `creado_en` datetime DEFAULT current_timestamp(),
  `activo` tinyint(1) DEFAULT 1
) ENGINE=InnoDB DEFAULT CHARSET=utf8mb4 COLLATE=utf8mb4_general_ci;

--
-- Volcado de datos para la tabla `productos`
--

INSERT INTO `productos` (`id`, `nombre`, `descripcion`, `precio`, `stock`, `categoria`, `imagen`, `creado_en`, `activo`) VALUES
(5, 'PSYCHOTIC 35 Pre entreno', 'INSANE LABZ PSYCHOTIC BLACK Psychotic Black es la 칰ltima incorporaci칩n a la familia Psychotic de f칩rmulas pre-entrenamiento de Insane Labz! Es un Pre-entrenamiento de est칤mulo moderado, que proporciona solo la energ칤a suficiente para hacer el trabajo , es de efecto r치pido y suave por los que es conocida toda nuestra l칤nea psic칩tica.. Solo para atletas de el칤te Est치 hecho para el atleta de 칠lite y no debe ser utilizado por los principiantes.', 450.00, 2, 'Suplementos y nutrici칩n', 'uploads/681913831c3ed.jpeg', '2025-05-05 12:41:18', 1),
(7, 'Botella Shaker Proteina Gym ', 'Con Almacenamiento de Giro y Bloqueo De 3 Capas, 100% Libre de BPA Prueba de Fugas Fitness Deportes (Negro) 650Ml', 199.00, 14, 'Ropa y accesorios', 'uploads/681910ab9ba92.jpeg', '2025-05-05 13:21:36', 1),
(8, 'Agua Purificada CIEL 600ML', 'Agua purificada Ciel 600 ml', 15.00, 31, 'Equipamiento y maquinaria', 'uploads/681a330ae0eb9.png', '2025-05-06 10:04:26', 1);

-- --------------------------------------------------------

--
-- Estructura de tabla para la tabla `recordatorios_enviados`
--

CREATE TABLE `recordatorios_enviados` (
  `id` int(11) NOT NULL,
  `id_miembro` int(11) DEFAULT NULL,
  `nombre` varchar(100) DEFAULT NULL,
  `telefono` varchar(20) DEFAULT NULL,
  `fecha_envio` datetime DEFAULT NULL,
  `fecha_vencimiento` date DEFAULT NULL,
  `mensaje` text DEFAULT NULL
) ENGINE=InnoDB DEFAULT CHARSET=utf8mb4 COLLATE=utf8mb4_general_ci;

--
-- Volcado de datos para la tabla `recordatorios_enviados`
--

INSERT INTO `recordatorios_enviados` (`id`, `id_miembro`, `nombre`, `telefono`, `fecha_envio`, `fecha_vencimiento`, `mensaje`) VALUES
(1, 7, 'Prueba WS', '523531015780', '2025-04-23 16:20:10', '2025-04-24', 'Hola Prueba WS 游녦. Te recordamos que tu membres칤a vence el d칤a 24/04/2025. 춰Esperamos verte pronto en el gimnasio! 游눩');

-- --------------------------------------------------------

--
-- Estructura de tabla para la tabla `roles`
--

CREATE TABLE `roles` (
  `id` int(11) NOT NULL,
  `nombre` varchar(50) NOT NULL
) ENGINE=InnoDB DEFAULT CHARSET=utf8mb4 COLLATE=utf8mb4_general_ci;

-- --------------------------------------------------------

--
-- Estructura de tabla para la tabla `rol_permiso`
--

CREATE TABLE `rol_permiso` (
  `id` int(11) NOT NULL,
  `id_rol` int(11) DEFAULT NULL,
  `id_permiso` int(11) DEFAULT NULL
) ENGINE=InnoDB DEFAULT CHARSET=utf8mb4 COLLATE=utf8mb4_general_ci;

-- --------------------------------------------------------

--
-- Estructura de tabla para la tabla `usuarios`
--

CREATE TABLE `usuarios` (
  `id` bigint(20) UNSIGNED NOT NULL,
  `usuario` varchar(255) NOT NULL,
  `nombre` varchar(255) NOT NULL,
  `telefono` varchar(20) NOT NULL,
  `password` varchar(255) NOT NULL,
  `id_rol` int(11) DEFAULT NULL
) ENGINE=InnoDB DEFAULT CHARSET=utf8mb4 COLLATE=utf8mb4_general_ci;

--
-- Volcado de datos para la tabla `usuarios`
--

INSERT INTO `usuarios` (`id`, `usuario`, `nombre`, `telefono`, `password`, `id_rol`) VALUES
(1, 'Administrador ', 'Said Alfredo Pe침a', '3531015780', '$2y$10$FlPveftGbW7L7OGnZadDKOXliinUN968VBAfAycQd8hgj8HDp0R.u', NULL),
(3, 'PacoJR', 'Paco Rodriguez', '3531015888', '$2y$10$4uU2wew3CDte4DI5QZa4j.3N.DpWUUgVJufYAOW8alYF5brrzJ8Ai', NULL),
(5, 'PruebaAdmin', 'Admin Prueba', '123455589', '$2y$10$i6zLqZ4QvZHJti2Idbr3y.YEWxKHYYwtt3nwkf5sTojJ3zeOUVcWa', NULL),
(6, 'Prueba Ml', 'UsuarioPrueba', '152321', '$2y$10$rAQ/RvNvpsvtX/3LZkRBrud5NSx0mN06SZrcDt8RMTkpEV.S6zGR.', NULL);

-- --------------------------------------------------------

--
-- Estructura de tabla para la tabla `ventas`
--

CREATE TABLE `ventas` (
  `id` int(11) NOT NULL,
  `total` decimal(10,2) NOT NULL,
  `fecha` timestamp NOT NULL DEFAULT current_timestamp()
) ENGINE=InnoDB DEFAULT CHARSET=utf8mb4 COLLATE=utf8mb4_general_ci;

--
-- Volcado de datos para la tabla `ventas`
--

INSERT INTO `ventas` (`id`, `total`, `fecha`) VALUES
(11, 221.00, '2025-05-06 18:22:30'),
(12, 737.00, '2025-05-06 19:01:07'),
(13, 22.00, '2025-05-06 19:16:12'),
(14, 933.00, '2025-05-06 19:25:24'),
(15, 398.00, '2025-05-06 21:06:02'),
(16, 210.00, '2025-05-07 19:55:11'),
(17, 649.00, '2025-05-07 19:59:26'),
(18, 210.00, '2025-05-08 16:03:32'),
(19, 30.00, '2025-05-08 16:03:48'),
(20, 398.00, '2025-05-08 17:58:07'),
(21, 649.00, '2025-05-08 19:12:27'),
(22, 428.00, '2025-05-08 20:30:36');

-- --------------------------------------------------------

--
-- Estructura de tabla para la tabla `ventas_productos`
--

CREATE TABLE `ventas_productos` (
  `id` int(11) NOT NULL,
  `venta_id` int(11) NOT NULL,
  `producto_id` int(11) NOT NULL,
  `cantidad` int(11) NOT NULL,
  `subtotal` decimal(10,2) NOT NULL
) ENGINE=InnoDB DEFAULT CHARSET=utf8mb4 COLLATE=utf8mb4_general_ci;

--
-- Volcado de datos para la tabla `ventas_productos`
--

INSERT INTO `ventas_productos` (`id`, `venta_id`, `producto_id`, `cantidad`, `subtotal`) VALUES
(14, 11, 8, 2, 22.00),
(15, 11, 7, 1, 199.00),
(16, 12, 8, 8, 88.00),
(17, 12, 7, 1, 199.00),
(18, 12, 5, 1, 450.00),
(19, 13, 8, 2, 22.00),
(20, 14, 8, 3, 33.00),
(21, 14, 5, 2, 900.00),
(22, 15, 7, 2, 398.00),
(23, 16, 8, 1, 11.00),
(24, 16, 7, 1, 199.00),
(25, 17, 7, 1, 199.00),
(26, 17, 5, 1, 450.00),
(27, 18, 8, 1, 11.00),
(28, 18, 7, 1, 199.00),
(29, 19, 8, 2, 30.00),
(30, 20, 7, 2, 398.00),
(31, 21, 5, 1, 450.00),
(32, 21, 7, 1, 199.00),
(33, 22, 8, 2, 30.00),
(34, 22, 7, 2, 398.00);

-- --------------------------------------------------------

--
-- Estructura de tabla para la tabla `visitas`
--

CREATE TABLE `visitas` (
  `id` bigint(20) UNSIGNED NOT NULL,
  `idMiembro` bigint(20) DEFAULT NULL,
  `idUsuario` bigint(20) NOT NULL,
  `idMembresia` bigint(20) DEFAULT NULL,
  `fecha` datetime NOT NULL
) ENGINE=InnoDB DEFAULT CHARSET=utf8mb4 COLLATE=utf8mb4_general_ci;

--
-- Volcado de datos para la tabla `visitas`
--

INSERT INTO `visitas` (`id`, `idMiembro`, `idUsuario`, `idMembresia`, `fecha`) VALUES
(1, NULL, 1, NULL, '2025-04-11 18:24:07'),
(2, NULL, 1, NULL, '2025-04-11 19:40:13'),
(3, 1, 1, 1, '2025-04-11 19:42:18'),
(4, NULL, 1, NULL, '2025-04-11 19:43:17'),
(5, 2, 1, 1, '2025-04-22 18:56:24'),
(6, NULL, 1, NULL, '2025-04-22 20:52:12'),
(7, 1, 1, 1, '2025-04-22 23:56:51'),
(8, NULL, 1, NULL, '2025-04-23 00:17:35'),
(9, 1, 1, 1, '2025-04-23 00:28:47'),
(10, 3, 1, 2, '2025-04-23 17:39:43'),
(11, 6, 1, 4, '2025-04-23 21:09:11'),
(12, 6, 1, 4, '2025-04-23 21:53:03'),
(13, 3, 1, 2, '2025-04-24 00:16:29'),
(14, NULL, 1, NULL, '2025-04-24 21:15:56'),
(15, NULL, 1, NULL, '2025-04-24 21:16:28'),
(16, NULL, 1, NULL, '2025-04-24 21:52:48'),
(17, NULL, 1, NULL, '2025-04-24 21:53:08'),
(18, 1, 1, 1, '2025-04-26 00:36:51'),
(19, 10, 1, 5, '2025-04-26 00:39:08'),
(20, 7, 1, 4, '2025-04-26 00:39:47'),
(21, 5, 5, 4, '2025-04-28 20:32:05'),
(22, 1, 5, 1, '2025-04-28 20:32:09'),
(23, 4, 1, 4, '2025-04-28 20:33:20'),
(24, NULL, 1, NULL, '2025-04-28 20:33:45'),
(25, 6, 1, 4, '2025-04-28 20:35:47'),
(26, NULL, 1, NULL, '2025-04-28 12:46:53'),
(27, 3, 1, 2, '2025-04-28 12:47:20'),
(28, 7, 1, 4, '2025-04-28 13:04:44'),
(29, 11, 1, 1, '2025-04-28 13:36:41'),
(30, 12, 1, 3, '2025-04-28 13:58:08'),
(31, NULL, 1, NULL, '2025-04-29 08:58:45'),
(32, 5, 1, 4, '2025-04-29 09:34:33'),
(33, 1, 1, 1, '2025-05-05 16:27:19'),
(34, 1, 1, 1, '2025-05-06 13:17:29'),
(35, 13, 1, 6, '2025-05-06 13:22:35'),
(36, 4, 1, 4, '2025-05-07 11:44:59'),
(37, NULL, 1, NULL, '2025-05-07 11:48:31'),
(38, NULL, 6, NULL, '2025-05-07 13:38:51'),
(39, NULL, 1, NULL, '2025-05-08 12:25:08'),
(40, 1, 1, 1, '2025-05-08 13:11:33');

--
-- 칈ndices para tablas volcadas
--

--
-- Indices de la tabla `gastos`
--
ALTER TABLE `gastos`
  ADD PRIMARY KEY (`id`);

--
-- Indices de la tabla `membresias`
--
ALTER TABLE `membresias`
  ADD PRIMARY KEY (`id`);

--
-- Indices de la tabla `miembros`
--
ALTER TABLE `miembros`
  ADD PRIMARY KEY (`id`);

--
-- Indices de la tabla `pagos`
--
ALTER TABLE `pagos`
  ADD PRIMARY KEY (`id`);

--
-- Indices de la tabla `permisos`
--
ALTER TABLE `permisos`
  ADD PRIMARY KEY (`id`);

--
-- Indices de la tabla `productos`
--
ALTER TABLE `productos`
  ADD PRIMARY KEY (`id`);

--
-- Indices de la tabla `recordatorios_enviados`
--
ALTER TABLE `recordatorios_enviados`
  ADD PRIMARY KEY (`id`);

--
-- Indices de la tabla `roles`
--
ALTER TABLE `roles`
  ADD PRIMARY KEY (`id`);

--
-- Indices de la tabla `rol_permiso`
--
ALTER TABLE `rol_permiso`
  ADD PRIMARY KEY (`id`),
  ADD KEY `id_rol` (`id_rol`),
  ADD KEY `id_permiso` (`id_permiso`);

--
-- Indices de la tabla `usuarios`
--
ALTER TABLE `usuarios`
  ADD PRIMARY KEY (`id`),
  ADD KEY `fk_usuarios_roles` (`id_rol`);

--
-- Indices de la tabla `ventas`
--
ALTER TABLE `ventas`
  ADD PRIMARY KEY (`id`);

--
-- Indices de la tabla `ventas_productos`
--
ALTER TABLE `ventas_productos`
  ADD PRIMARY KEY (`id`),
  ADD KEY `venta_id` (`venta_id`),
  ADD KEY `producto_id` (`producto_id`);

--
-- Indices de la tabla `visitas`
--
ALTER TABLE `visitas`
  ADD PRIMARY KEY (`id`);

--
-- AUTO_INCREMENT de las tablas volcadas
--

--
-- AUTO_INCREMENT de la tabla `gastos`
--
ALTER TABLE `gastos`
  MODIFY `id` int(11) NOT NULL AUTO_INCREMENT;

--
-- AUTO_INCREMENT de la tabla `membresias`
--
ALTER TABLE `membresias`
  MODIFY `id` bigint(20) UNSIGNED NOT NULL AUTO_INCREMENT, AUTO_INCREMENT=7;

--
-- AUTO_INCREMENT de la tabla `miembros`
--
ALTER TABLE `miembros`
  MODIFY `id` bigint(20) UNSIGNED NOT NULL AUTO_INCREMENT, AUTO_INCREMENT=14;

--
-- AUTO_INCREMENT de la tabla `pagos`
--
ALTER TABLE `pagos`
  MODIFY `id` bigint(20) UNSIGNED NOT NULL AUTO_INCREMENT, AUTO_INCREMENT=34;

--
-- AUTO_INCREMENT de la tabla `permisos`
--
ALTER TABLE `permisos`
  MODIFY `id` int(11) NOT NULL AUTO_INCREMENT;

--
-- AUTO_INCREMENT de la tabla `productos`
--
ALTER TABLE `productos`
  MODIFY `id` int(11) NOT NULL AUTO_INCREMENT, AUTO_INCREMENT=9;

--
-- AUTO_INCREMENT de la tabla `recordatorios_enviados`
--
ALTER TABLE `recordatorios_enviados`
  MODIFY `id` int(11) NOT NULL AUTO_INCREMENT, AUTO_INCREMENT=2;

--
-- AUTO_INCREMENT de la tabla `roles`
--
ALTER TABLE `roles`
  MODIFY `id` int(11) NOT NULL AUTO_INCREMENT;

--
-- AUTO_INCREMENT de la tabla `rol_permiso`
--
ALTER TABLE `rol_permiso`
  MODIFY `id` int(11) NOT NULL AUTO_INCREMENT;

--
-- AUTO_INCREMENT de la tabla `usuarios`
--
ALTER TABLE `usuarios`
  MODIFY `id` bigint(20) UNSIGNED NOT NULL AUTO_INCREMENT, AUTO_INCREMENT=7;

--
-- AUTO_INCREMENT de la tabla `ventas`
--
ALTER TABLE `ventas`
  MODIFY `id` int(11) NOT NULL AUTO_INCREMENT, AUTO_INCREMENT=23;

--
-- AUTO_INCREMENT de la tabla `ventas_productos`
--
ALTER TABLE `ventas_productos`
  MODIFY `id` int(11) NOT NULL AUTO_INCREMENT, AUTO_INCREMENT=35;

--
-- AUTO_INCREMENT de la tabla `visitas`
--
ALTER TABLE `visitas`
  MODIFY `id` bigint(20) UNSIGNED NOT NULL AUTO_INCREMENT, AUTO_INCREMENT=41;

--
-- Restricciones para tablas volcadas
--

--
-- Filtros para la tabla `rol_permiso`
--
ALTER TABLE `rol_permiso`
  ADD CONSTRAINT `rol_permiso_ibfk_1` FOREIGN KEY (`id_rol`) REFERENCES `roles` (`id`),
  ADD CONSTRAINT `rol_permiso_ibfk_2` FOREIGN KEY (`id_permiso`) REFERENCES `permisos` (`id`);

--
-- Filtros para la tabla `usuarios`
--
ALTER TABLE `usuarios`
  ADD CONSTRAINT `fk_usuarios_roles` FOREIGN KEY (`id_rol`) REFERENCES `roles` (`id`);

--
-- Filtros para la tabla `ventas_productos`
--
ALTER TABLE `ventas_productos`
  ADD CONSTRAINT `ventas_productos_ibfk_1` FOREIGN KEY (`venta_id`) REFERENCES `ventas` (`id`),
  ADD CONSTRAINT `ventas_productos_ibfk_2` FOREIGN KEY (`producto_id`) REFERENCES `productos` (`id`);
COMMIT;

/*!40101 SET CHARACTER_SET_CLIENT=@OLD_CHARACTER_SET_CLIENT */;
/*!40101 SET CHARACTER_SET_RESULTS=@OLD_CHARACTER_SET_RESULTS */;
/*!40101 SET COLLATION_CONNECTION=@OLD_COLLATION_CONNECTION */;
